{
  "model": "xlm-roberta-base",
  "model_key": "xlmr",
  "thresholds": {
    "polarization": 0.6699999999999997,
    "political": 0.45999999999999985,
    "racial/ethnic": 0.5499999999999998,
    "religious": 0.6699999999999997,
    "gender/sexual": 0.45999999999999985,
    "other": 0.5299999999999998,
    "stereotype": 0.6099999999999998,
    "vilification": 0.40999999999999986,
    "dehumanization": 0.4899999999999998,
    "extreme_language": 0.4799999999999998,
    "lack_of_empathy": 0.45999999999999985,
    "invalidation": 0.5399999999999998
  },
  "macro_f1": 0.467187243207166,
  "seed": 42
}